{
  "project_info": {
    "project_number": "55509499288",
    "project_id": "recetasapp-da474",
    "storage_bucket": "recetasapp-da474.firebasestorage.app"
  },
  "client": [
    {
      "client_info": {
        "mobilesdk_app_id": "1:55509499288:android:0502b94ca7d496ae4a7fed",
        "android_client_info": {
          "package_name": "com.julian.recetasappfinal"
        }
      },
      "oauth_client": [],
      "api_key": [
        {
          "current_key": "AIzaSyCLI0ny7NMPUAGzrPpKQCkUT5TAiZAkH84"
        }
      ],
      "services": {
        "appinvite_service": {
          "other_platform_oauth_client": []
        }
      }
    }
  ],
  "configuration_version": "1"
}